site,feature,value_index,value_label,freq_prob,mps_prob,disparity
0,duration,0,[-inf;0),0.92047502,0.87968817,0.08157370
0,duration,1,[0;+inf),0.07952498,0.12031183,0.08157370
1,protocol_type,0,icmp,0.06581569,0.02006055,0.13087437
1,protocol_type,1,tcp,0.81516674,0.79548469,0.13087437
1,protocol_type,2,udp,0.11901757,0.18445475,0.13087437
1,protocol_type,3,UNKNOWN,0.00000000,0.00000000,0.13087437
2,service,0,IRC,0.00148445,0.00285048,0.76291695
2,service,1,X11,0.00057949,0.00121278,0.76291695
2,service,2,auth,0.00758099,0.00348522,0.76291695
2,service,3,domain,0.00451684,0.00050482,0.76291695
2,service,4,domain_u,0.07178522,0.13368841,0.76291695
2,service,5,eco_i,0.03640463,0.00776221,0.76291695
2,service,6,ecr_i,0.02442587,0.00294903,0.76291695
2,service,7,finger,0.01402682,0.00886950,0.76291695
2,service,8,ftp,0.01392362,0.01233381,0.76291695
2,service,9,ftp_data,0.05445611,0.07481969,0.76291695
2,service,10,http,0.32021147,0.56039381,0.76291695
2,service,11,imap4,0.00513602,0.00005566,0.76291695
2,service,12,ntp_u,0.00133362,0.00225708,0.76291695
2,service,13,other,0.03460265,0.03800251,0.76291695
2,service,14,pop_3,0.00209569,0.00288154,0.76291695
2,service,15,private,0.17347368,0.01594998,0.76291695
2,service,16,red_i,0.00006351,0.00011395,0.76291695
2,service,17,shell,0.00051598,0.00005846,0.76291695
2,service,18,smtp,0.05805212,0.10553244,0.76291695
2,service,19,ssh,0.00246878,0.00005053,0.76291695
2,service,20,telnet,0.01867861,0.01555518,0.76291695
2,service,21,tftp_u,0.00002381,0.00006926,0.76291695
2,service,22,tim_i,0.00006351,0.00005252,0.76291695
2,service,23,time,0.00519159,0.00136827,0.76291695
2,service,24,urh_i,0.00007938,0.00009176,0.76291695
2,service,25,urp_i,0.00477880,0.00909109,0.76291695
2,service,26,UNKNOWN,0.14404674,0.00000000,0.76291695
3,flag,0,OTH,0.00036516,0.00011370,0.70164556
3,flag,1,REJ,0.08916990,0.03901132,0.70164556
3,flag,2,RSTO,0.01239948,0.00326960,0.70164556
3,flag,3,RSTR,0.01921840,0.00214389,0.70164556
3,flag,4,S0,0.27665452,0.00538261,0.70164556
3,flag,5,S1,0.00289745,0.00650897,0.70164556
3,flag,6,S2,0.00100815,0.00207469,0.70164556
3,flag,7,S3,0.00038897,0.00081705,0.70164556
3,flag,8,SF,0.59492907,0.94064572,0.70164556
3,flag,9,SH,0.00215125,0.00003246,0.70164556
3,flag,10,UNKNOWN,0.00081764,0.00000000,0.70164556
4,src_bytes,0,[-inf;129),0.55981044,0.25267733,0.61426620
4,src_bytes,1,[129;233),0.13576719,0.25069135,0.61426620
4,src_bytes,2,[233;324),0.13485429,0.24905160,0.61426620
4,src_bytes,3,[324;+inf),0.16956808,0.24757972,0.61426620
5,dst_bytes,0,[-inf;105),0.59859652,0.26871615,0.65976075
5,dst_bytes,1,[105;379),0.12348678,0.23333300,0.65976075
5,dst_bytes,2,[379;2.06e+03),0.13382233,0.24460505,0.65976075
5,dst_bytes,3,[2.06e+03;+inf),0.14409437,0.25334580,0.65976075
6,land,0,0 (normal),0.99980154,0.99992877,0.00025445
6,land,1,distinto,0.00019846,0.00007123,0.00025445
7,wrong_fragment,0,0 (normal),0.99134735,1.00000000,0.01730530
7,wrong_fragment,1,distinto,0.00865265,0.00000000,0.01730530
8,urgent,0,0 (normal),0.99992856,0.99984869,0.00015973
8,urgent,1,distinto,0.00007144,0.00015131,0.00015973
9,hot,0,0 (normal),0.97879704,0.98312136,0.00864863
9,hot,1,distinto,0.02120296,0.01687864,0.00864863
10,num_failed_logins,0,0 (normal),0.99903154,0.99881718,0.00042872
10,num_failed_logins,1,distinto,0.00096846,0.00118282,0.00042872
11,logged_in,0,0,0.60426441,0.28872042,0.63108796
11,logged_in,1,1,0.39573559,0.71127958,0.63108796
11,logged_in,2,OTHER,0.00000000,0.00000000,0.63108796
12,num_compromised,0,0 (normal),0.98979146,0.99341555,0.00724817
12,num_compromised,1,distinto,0.01020854,0.00658445,0.00724817
13,root_shell,0,0 (normal),0.99865844,0.99764278,0.00203132
13,root_shell,1,distinto,0.00134156,0.00235722,0.00203132
14,su_attempted,0,0 (normal),0.99936494,0.99848921,0.00175147
14,su_attempted,1,distinto,0.00063506,0.00151079,0.00175147
15,num_root,0,0 (normal),0.99484810,0.99078568,0.00812485
15,num_root,1,distinto,0.00515190,0.00921432,0.00812485
16,num_file_creations,0,0 (normal),0.99772173,0.99618878,0.00306591
16,num_file_creations,1,distinto,0.00227827,0.00381122,0.00306591
17,num_shells,0,0 (normal),0.99962690,0.99958666,0.00008049
17,num_shells,1,distinto,0.00037310,0.00041334,0.00008049
18,num_access_files,0,0 (normal),0.99705492,0.99435119,0.00540748
18,num_access_files,1,distinto,0.00294508,0.00564881,0.00540748
19,is_host_login,0,0 (normal),0.99999206,0.99999422,0.00000431
19,is_host_login,1,distinto,0.00000794,0.00000578,0.00000431
20,is_guest_login,0,0 (normal),0.99057735,0.98839918,0.00435634
20,is_guest_login,1,distinto,0.00942265,0.01160082,0.00435634
21,count,0,[-inf;1),0.22049169,0.31254287,0.53786278
21,count,1,[1;4),0.13483842,0.20974292,0.53786278
21,count,2,[4;14),0.14532479,0.24730050,0.53786278
21,count,3,[14;+inf),0.49934510,0.23041371,0.53786278
22,srv_count,0,[-inf;2),0.30348567,0.37283893,0.16375990
22,srv_count,1,[2;5),0.13096457,0.13670224,0.16375990
22,srv_count,2,[5;18),0.33584181,0.25396186,0.16375990
22,srv_count,3,[18;+inf),0.22970795,0.23649698,0.16375990
23,serror_rate,0,0 (normal),0.68926675,0.96456147,0.55058944
23,serror_rate,1,distinto,0.31073325,0.03543853,0.55058944
24,srv_serror_rate,0,0 (normal),0.70454780,0.96283880,0.51658201
24,srv_serror_rate,1,distinto,0.29545220,0.03716120,0.51658201
25,rerror_rate,0,0 (normal),0.87148040,0.95346046,0.16396012
25,rerror_rate,1,distinto,0.12851960,0.04653954,0.16396012
26,srv_rerror_rate,0,[-inf;0),0.87135339,0.94736997,0.15203318
26,srv_rerror_rate,1,[0;+inf),0.12864661,0.05263003,0.15203318
27,same_srv_rate,0,[-inf;1),1.00000000,1.00000000,0.00000000
27,same_srv_rate,1,[1;+inf),0.00000000,0.00000000,0.00000000
28,diff_srv_rate,0,[-inf;0),0.60502647,0.93273452,0.65541610
28,diff_srv_rate,1,[0;+inf),0.39497353,0.06726548,0.65541610
29,srv_diff_host_rate,0,[-inf;0.11),0.83909250,0.75084988,0.17648524
29,srv_diff_host_rate,1,[0.11;+inf),0.16090750,0.24915012,0.17648524
30,dst_host_count,0,[-inf;40),0.18060219,0.25004872,0.32814930
30,dst_host_count,1,[40;156),0.15252475,0.24715288,0.32814930
30,dst_host_count,2,[156;+inf),0.66687306,0.50279841,0.32814930
31,dst_host_srv_count,0,[-inf;121),0.56685163,0.25374521,0.62621284
31,dst_host_srv_count,1,[121;+inf),0.43314837,0.74625479,0.62621284
32,dst_host_same_srv_rate,0,[-inf;0.75),0.54041739,0.25520847,0.57041785
32,dst_host_same_srv_rate,1,[0.75;+inf),0.45958261,0.74479153,0.57041785
33,dst_host_diff_srv_rate,0,[-inf;0.02),0.50010717,0.78171840,0.56322247
33,dst_host_diff_srv_rate,1,[0.02;+inf),0.49989283,0.21828160,0.56322247
34,dst_host_same_src_port_rate,0,[-inf;0.01),0.64045470,0.55503900,0.17083140
34,dst_host_same_src_port_rate,1,[0.01;0.08),0.12873394,0.20802739,0.17083140
34,dst_host_same_src_port_rate,2,[0.08;+inf),0.23081136,0.23693361,0.17083140
35,dst_host_srv_diff_host_rate,0,[-inf;0.03),0.84720535,0.79565220,0.10310630
35,dst_host_srv_diff_host_rate,1,[0.03;+inf),0.15279465,0.20434780,0.10310630
36,dst_host_serror_rate,0,[-inf;0),0.64605908,0.91052463,0.52893110
36,dst_host_serror_rate,1,[0;+inf),0.35394092,0.08947537,0.52893110
37,dst_host_srv_serror_rate,0,[-inf;0),0.67760552,0.91876830,0.48232556
37,dst_host_srv_serror_rate,1,[0;+inf),0.32239448,0.08123170,0.48232556
38,dst_host_rerror_rate,0,[-inf;0),0.81904853,0.89480485,0.15151264
38,dst_host_rerror_rate,1,[0;+inf),0.18095147,0.10519515,0.15151264
39,dst_host_srv_rerror_rate,0,[-inf;0),0.84634009,0.91252278,0.13236538
39,dst_host_srv_rerror_rate,1,[0;+inf),0.15365991,0.08747722,0.13236538
